endpoint,build_ns,to_lazy_ns,send_ns,total_ns
/json,1307,169195,35251,213906
/json,2774,213948,68797,288034
/json,4025,193652,134255,334734
/json,3637,141972,106911,261924
/json,1206,129875,49075,181372
/json,1135,148831,91706,242576
/json,1374,83643,42375,128566
/json,1196,120880,53155,177157
/json,1141,99236,55311,156786
/json,1696,101633,77886,182621
/json,5682,291090,108729,409571
/json,1305,127111,65375,194946
/json,21059,191446,168996,384424
/json,2623,188432,84895,277212
/json,1048,98602,43009,143992
/json,4108,138727,74353,219742
/json,4259,161238,64326,232738
/json,2593,133734,146231,283890
/json,1193,87518,42735,132677
/json,1154,65723,26888,94875
/json,1113,124692,75524,202504
/json,1487,86642,58615,147957
/json,1116,121924,61986,185898
/json,996,162481,61936,226418
/json,749,53497,26374,81299
/json,1054,142848,65885,210767
/json,1210,95004,322407,419971
/json,1312,82746,39278,124496
/json,1434,407098,35644,445469
/json,2553,116807,49212,170453
/json,1536,91334,41857,135946
/json,3492,122444,99050,227483
/json,969,689954,120882,812817
/json,3735,134803,144429,285710
/json,1211,76732,46403,125547
/json,3149,140571,68905,213826
/json,1023,75351,35728,113135
/json,1553,82040,36643,121789
/json,1170,65759,28349,96559
/json,3990,134227,100219,240914
/json,830,60406,29589,91711
/json,4010,130086,56989,193657
/json,757,85484,33597,120609
/json,1238,97883,46795,147228
/json,758,59083,26651,87330
/json,2876,188622,84501,277597
/json,1206,73011,37594,112922
/json,1508,102184,38872,144189
/json,1115,94486,40260,136892
/json,4657,110304,36325,154167
/json,984,52631,27479,81703
/json,2825,106251,92124,203461
/json,740,56354,22929,80929
/json,3895,199172,61871,267638
/json,1117,69166,29981,101277
/json,1038,84219,33921,120315
/json,1115,79598,27797,109685
/json,4068,141201,78698,226480
/json,1293,77892,31053,111462
/json,3966,138619,53210,198517
/json,783,57129,23497,82200
/json,2529,130046,111144,244932
/json,1054,79909,27036,109089
/json,5161,138180,70688,216648
/json,677,45387,21514,68244
/json,4247,146367,43281,196832
/json,1659,76286,34652,113745
/json,4331,162167,55863,225021
/json,1125,62207,28960,93227
/json,3730,131458,66384,204502
/json,1215,72904,30887,106196
/json,1410,70086,70622,143324
/json,940,57260,22474,81409
/json,3475,129428,66313,200437
/json,1449,83395,46684,132635
/json,1856,70557,112614,186641
/json,1050,76214,28841,107081
/json,3891,126070,58898,191702
/json,1364,76244,30516,109337
/json,4347,126714,67206,200881
/json,909,65255,28761,95906
/json,4075,141463,43596,192328
/json,699,51708,16449,69756
/json,1218,80600,38700,121903
/json,1088,79186,29063,110392
/json,3542,143639,56102,205830
/json,1900,89894,30093,123873
/json,3065,129714,60543,194567
/json,664,57674,22534,81749
/json,1124,847623,63552,913380
/json,21262,90778,36218,149552
/json,4713,160263,56681,224320
/json,1005,63122,33291,98346
/json,4093,129006,100921,236600
/json,824,57181,22560,81427
/json,3773,145919,74411,227243
/json,1329,54716,26431,83403
/json,2950,129832,52894,187147
/json,1120,70630,28315,101174
/json,3921,132315,86321,225673
/json,945,204124,20584,226788
/json,3760,130104,87071,223483
/json,796,74913,27048,103564
/json,4019,141732,50621,199178
/json,1282,76154,40085,118578
/json,3613,127641,62590,196481
/json,1410,65940,39086,107462
/json,1566,85552,30827,119160
/json,950,62670,21368,85852
/json,1236,85499,47544,135386
/json,1442,78840,32392,114065
/json,3718,131287,62775,200579
/json,848,54401,22365,78473
/json,3961,129699,60668,197118
/json,1030,69807,23657,95406
/json,3209,126311,72440,203454
/json,835,57747,33957,93408
/json,1440,70135,50159,122861
/json,1302,69569,86853,158910
/json,1664,89034,45623,138805
/json,863,69553,108720,180264
/json,2702,198069,84720,286723
/json,1501,85806,45561,134279
/json,4378,145398,65966,218386
/json,2934,97809,79245,182122
/json,3949,163217,43877,213720
/json,1359,77426,35137,115120
/json,1709,94449,53234,151426
/json,1067,72416,27302,101988
/json,938,49483,21798,73357
/json,949,74418,46858,123322
/json,3694,126653,59859,192758
/json,1260,75662,40595,118386
/json,4177,171748,54734,233526
/json,1349,80010,23007,105572
/json,1629,81551,43451,128181
/json,1848,140250,28723,172554
/json,3922,143546,121042,271467
/json,1091,75434,27671,105341
/json,4448,165137,77361,249601
/json,1072,80083,25587,108066
/json,1315,75423,44293,122305
/json,912,67769,26403,95949
/json,1238,72873,106045,181262
/json,1224,83964,28635,114973
/json,2749,129668,110178,243853
/json,928,48819,23524,73971
/json,3012,130564,122510,257484
/json,1066,80631,25899,108919
/json,4269,134876,57807,199345
/json,1046,109452,61431,173189
/json,1198,90560,52894,145788
/json,1497,76435,34535,113517
/json,4105,267384,70754,345113
/json,1629,67044,26160,95979
/json,1486,82823,132809,218663
/json,706,97052,31276,130106
/json,4356,129375,78349,214957
/json,1119,77065,29843,109223
/json,4212,125165,66106,198073
/json,1043,75257,29519,106892
/json,5483,155504,277148,441310
/json,710,63922,20946,86419
/json,3020,133390,109782,247428
/json,674,39840,17762,59268
/json,3453,132469,56363,193496
/json,766,42344,15670,59774
/json,3677,144049,51633,202261
/json,939,67782,36438,106091
/json,1990,74529,35478,113544
/json,1080,77713,35036,114902
/json,3350,130525,99322,234537
/json,1155,69325,51558,123041
/json,2823,130048,155360,289452
/json,884,54365,20271,76389
/json,1992,93566,55538,153241
/json,851,72757,43864,118465
/json,2671,95380,70605,170844
/json,553,56101,24176,81749
/json,3062,127072,52669,184384
/json,1117,85746,25969,113940
/json,3431,133055,47763,187040
/json,1382,77364,53266,133443
/json,1994,131639,107987,243164
/json,1203,82707,32741,118017
/json,912,55050,35390,92366
/json,1140,1589557,18127,1609979
/json,4314,159513,41042,208085
/json,999,73176,26077,101730
/json,3132,102401,32864,140543
/json,753,48030,16312,66123
/json,4379,111753,36946,155787
/json,620,41065,16127,58407
/json,699,43869,20179,65364
/json,743,59577,21632,82555
/json,3974,108129,84111,198893
/json,711,45330,17385,64100
/json,581,37158,26694,65471
/json,984,61282,25664,88888
/json,700,70072,98675,169912
/json,3122,78521,20524,103247
/json,4004,102511,37095,146293
/json,882,55217,34145,91220
/json,557,33149,13783,48194
/json,814,34620,15518,51511
/json,4816,216519,63660,289361
/json,618,34633,16800,52509
/json,2572,80696,37730,122669
/json,544,34037,14389,49430
/json,4034,135074,101400,243469
/json,766,41564,25253,69023
/json,4001,128252,56317,191081
/json,1079,53671,19085,74766
/json,3820,127689,60616,195002
/json,1876,86472,33022,123066
/json,3172,134696,84137,223425
/json,1648,86256,26197,115268
/json,3628,139975,87782,234235
/json,1124,81934,65012,149135
/json,2285,87148,33650,125143
/json,1114,82639,39730,124856
/json,60547,97609,62474,223687
/json,1135,61224,19971,83222
/json,4911,129854,112360,249931
/json,1166,90875,64099,157480
/json,4184,130601,77456,214983
/json,1340,85926,44729,133375
/json,2809,131222,108650,244092
/json,1168,83229,26361,112041
/json,1279,76791,43172,122509
/json,1219,85671,27997,115998
/json,2198,71672,23651,98402
/json,2621,68753,48089,122054
/json,2678,98506,35207,137324
/json,601,49396,18559,69172
/json,2819,218791,98828,324306
/json,702,49669,15501,66620
/json,760,54573,29261,85528
/json,431,44727,15206,60944
/json,1028,50965,28524,81187
/json,1375,38268,38017,78288
/json,1454,63987,46168,113079
/json,617,43627,20433,65523
/json,915,54344,29860,85882
/json,573,45558,15889,62640
/json,803,39456,19435,60342
/json,412,42957,16266,60807
/json,646,34481,20549,56236
/json,680,33465,13093,47600
/json,2889,76470,48420,129902
/json,406,43553,17717,62414
/json,4606,145277,44724,197163
/json,1620,87547,26152,116620
/json,1243,89466,101465,193960
/json,1987,93950,28107,125496
/json,1133,85305,52856,140685
/json,1095,79692,33347,115386
/json,3758,125255,59314,190912
/json,1143,59007,25002,86084
/json,1091,113766,114095,229964
/json,909,68584,34692,104994
/json,3864,128405,67338,202174
/json,1324,105431,58964,166605
/json,1184,89374,39925,131684
/json,754,46237,21330,69002
/json,1428,59585,37716,100133
/json,467,280631,17872,299898
/json,3815,171640,47307,225342
/json,901,186044,20918,208745
/json,5254,140496,75907,224380
/json,1259,83764,40337,126673
/json,1060,105731,113103,220893
/json,1168,102269,42131,147121
/json,1452,83694,44000,130607
/json,1330,77580,33090,113204
/json,892,125588,56554,183889
/json,1199,73049,27052,102429
/json,1775,85123,43331,131598
/json,824,75271,32304,109099
/json,1295,82878,35090,120379
/json,1068,71104,26717,99757
/json,3730,96133,85875,187576
/json,3039,93826,86704,184438
/json,852,68519,83637,153696
/json,848,51465,33094,86118
/json,3141,131777,68992,205316
/json,2052,102431,36379,143204
/json,3881,129130,52249,188041
/json,1440,89983,43652,136531
/json,1702,105421,69174,177552
/json,984,87165,46019,136033
/json,1191,91259,37677,131655
/json,836,75509,31193,109131
/json,947,62889,31050,96021
/json,1197,74167,33103,109713
/json,1409,99187,60994,162721
/json,1326,85971,30474,119857
/json,3914,127816,56252,189518
/json,1130,111223,37260,151022
/json,4075,138370,58518,203411
/json,1061,81154,26480,109749
/json,1090,83234,25511,110990
/json,1165,84391,33411,120099
/json,3198,124502,54369,183367
/json,1342,539409,43127,585331
/json,1384,78558,34655,115834
/json,1036,59299,32870,94097
/json,3088,99994,61791,166948
/json,985,68837,28165,98896
/json,3872,141349,42170,190015
/json,1180,81025,23095,106497
/json,1259,118981,103040,224341
/json,1506,103904,42394,149078
/json,1197,83168,31639,117192
/json,721,58118,30222,89846
/json,1032,81222,43525,126918
/json,933,89107,27272,118308
/json,1070,129210,119024,250276
/json,1109,81426,31669,116062
/json,3468,130224,52287,187273
/json,1302,82481,30954,115925
/json,6713,159316,55745,225075
/json,1322,101294,45074,148878
/json,4274,139924,75028,221838
/json,1187,134161,38883,175328
/json,1410,79379,31610,113710
/json,861,58166,28098,88042
/json,4119,129212,130648,266526
/json,1705,86536,30898,120141
/json,1387,78307,34498,115450
/json,1115,78372,35737,116306
/json,2917,148947,61899,215106
/json,1153,76520,195652,275152
/json,1784,81173,41992,126583
/json,1271,643404,30968,676912
/json,1240,80375,47864,130555
/json,788,78090,52942,132668
/json,1325,113192,35259,151035
/json,857,64252,20178,86187
/json,2786,153015,57377,214384
/json,1060,77076,34717,113898
/json,807,127866,44829,174352
/json,1200,80846,29989,113097
/json,2702,127571,100049,231751
/json,1181,85160,28436,116038
/json,3914,131898,214749,353255
/json,704,54942,27837,84102
/json,3089,129049,83936,217838
/json,1258,85000,30761,118316
/json,2893,117395,68590,191598
/json,846,56423,22862,80938
/json,4849,156293,63970,227723
/json,1067,63804,24899,90761
/json,2264,111481,35959,151861
/json,801,54418,20733,76799
/json,3320,132949,77974,215799
/json,817,52912,26143,80751
/json,601,45587,20931,67782
/json,807,54160,20321,76360
/json,4502,137458,72596,217633
/json,1872,127993,33123,164344
/json,1241,79409,39809,121715
/json,1136,81068,25383,108586
/json,1020,83805,43294,129183
/json,1133,51300,23313,76397
/json,638,48063,29366,78744
/json,1276,84757,28097,115222
/json,2299,88285,44829,136301
/json,820,89699,21418,112718
/json,4391,144978,46038,198090
/json,1118,54017,22270,78378
/json,1419,88945,47723,139806
/json,989,97097,38584,137558
/json,2731,128183,67793,200224
/json,1973,82573,61469,148100
/json,4919,139294,208221,355134
/json,1157,123037,32260,157932
/json,3110,130580,57946,192855
/json,1165,91722,43625,137621
/json,1593,917156,106401,1026666
/json,1052,91308,34947,128403
/json,3811,139447,72530,218464
/json,1517,83920,22835,109462
/json,3232,155887,103665,264097
/json,1164,74376,27492,104208
/json,3550,168194,73179,247897
/json,1101,76761,30259,109065
/json,743,49333,21350,72135
/json,668,48061,28231,77767
/json,1067,115410,101148,218667
/json,578,38102,24612,63983
/json,794,59031,100892,161897
/json,773,37780,15754,54918
/json,1305,107275,98305,208229
/json,1140,73407,27971,103552
/json,2739,131610,113155,249025
/json,1112,78958,34525,115732
/json,1414,87505,48369,138669
/json,1561,75365,28126,106159
/json,1204,94497,53969,150694
/json,1224,281049,25572,309941
/json,4162,126793,72137,206826
/json,754,53054,17993,72531
/json,4059,130187,107000,244393
/json,978,81255,35968,119418
/json,3164,135458,102692,242653
/json,1253,73378,29594,105474
/json,3455,152787,73365,230844
/json,1026,63033,23606,88712
/json,3722,129318,66246,201756
/json,1508,76870,27484,106979
/json,4404,133213,72250,212652
/json,1562,87613,47187,137482
/json,3771,125886,60382,192626
/json,1568,97911,43209,143785
/json,3212,143300,75313,223107
/json,1200,84736,26655,113950
/json,2328,104044,65108,173604
/json,1474,156638,29500,198166
/json,571,49275,28621,79308
/json,1155,77383,29627,109335
/json,1247,80640,53375,136383
/json,1023,1266762,55696,1324524
/json,1035,64858,31599,98505
/json,1578,81669,32114,116626
/json,1314,86231,41387,130185
/json,990,79773,28059,109855
/json,4221,126599,58704,192015
/json,1318,75082,26491,104100
/json,3920,134581,71444,212716
/json,1236,77447,108103,188008
/json,2862,129177,50907,184367
/json,564,56408,149413,207175
/json,1130,114813,102508,219537
/json,754,59673,127131,188530
/json,4367,137834,99784,245044
/json,1204,83423,27987,113720
/json,1397,99957,35376,137917
/json,1097,75033,28229,105528
/json,2662,128211,65559,197812
/json,1245,79450,34271,116041
/json,1413,76565,53587,132691
/json,978,79513,30421,112101
/json,2884,129456,72887,206561
/json,1105,68123,26397,96740
/json,3914,126558,66107,199241
/json,1343,73958,34035,110528
/json,3543,128878,54402,189439
/json,1466,68440,26186,97143
/json,3765,132271,171685,310350
/json,1098,76674,28711,107513
/json,2941,126961,109303,240573
/json,1211,66089,30157,98660
/json,3149,145729,73499,223699
/json,2150,85426,29562,118420
/json,3944,157889,62385,227361
/json,1157,106992,37343,146661
/json,3385,130117,56437,192772
/json,1285,82442,30645,116068
/json,1503,81269,41647,125554
/json,941,57291,22823,81935
/json,1131,107308,106136,215814
/json,710,72548,26877,101414
/json,3650,124162,58645,188988
/json,1352,77879,30954,111437
/json,1273,74020,35894,112423
/json,1233,76524,29509,108536
/json,3774,129450,56937,193636
/json,1559,66871,59845,129663
/json,1249,85290,44083,131749
/json,974,82113,466197,550281
/json,1788,85341,35477,125036
/json,1060,83160,28794,114184
/json,3625,133008,109250,248798
/json,853,74672,28407,104813
/json,1742,71082,85241,159349
/json,1074,80714,23119,106165
/json,3250,155295,69227,229242
/json,1251,79556,81603,163602
/json,3719,134714,59153,200142
/json,1533,100361,31487,135044
/json,4107,157168,61295,225127
/json,1242,73589,34230,110379
/json,2759,85312,42950,132436
/json,1316,78505,31169,112040
/json,1847,89738,46340,139156
/json,1339,81228,25206,108845
/json,6019,167647,72708,249348
/json,1377,88928,30111,121827
/json,3871,136884,59603,203033
/json,1028,72737,30692,105501
/json,1198,111315,97532,211304
/json,1122,71009,28078,101325
/json,2995,76629,79065,160636
/json,1281,86428,29398,118698
/json,4165,129338,69185,205239
/json,2175,81028,28317,112844
/json,3113,135324,51809,191480
/json,861,75048,29164,106773
/json,1402,78979,75258,157335
/json,1388,102317,45785,150787
/json,5069,139519,66935,214632
/json,981,74150,28848,105064
/json,2522,129193,86154,219286
/json,1332,61190,30215,93687
/json,1370,69738,70313,142593
/json,934,77978,31052,110891
/json,1133,78218,39861,120294
/json,1153,101673,32908,136801
/json,3109,129549,56051,189971
/json,609,998753,63554,1063975
/json,2717,131801,102068,238250
/json,1012,60127,26049,88256
/json,1400,80934,43273,127323
/json,1214,93886,675035,771656
/json,4076,139385,79633,225635
/json,2342,95189,27432,126704
/json,3057,127554,77701,209717
/json,1145,80263,34294,116885
/json,1408,69876,42029,114514
/json,1177,97147,32241,131830
/json,2829,133230,115006,252280
/json,1347,78900,50516,132046
/json,4183,162226,80663,249727
/json,1293,79683,35965,118348
/json,4200,124753,57834,189365
/json,1059,67798,26571,96498
/json,4256,152503,65220,224532
/json,1186,82811,25636,111128
/json,3839,137894,60491,204941
/json,1442,77081,41560,121326
/json,3359,68418,98813,172436
/json,1421,84073,38825,126248
/json,1298,107275,57464,167096
/json,1611,151790,27771,182502
/json,2637,124791,67297,196413
/json,1086,87383,34550,124584
/json,1359,94462,390658,487717
/json,1181,86781,27507,116606
/json,3665,136147,49250,191600
/json,1156,86483,26250,114943
/json,4112,175261,62884,245678
/json,1137,67904,27733,98037
/json,3874,143399,69221,219391
/json,1478,126555,33707,163131
/json,4273,132144,89724,229203
/json,1043,73087,35102,110325
/json,4097,151392,65809,223981
/json,829,59953,25128,86672
/json,2663,131416,64002,199334
/json,1409,67567,27399,97589
/json,3056,135450,104700,244475
/json,1551,82724,25899,111318
/json,3317,129204,66706,200387
/json,1148,66786,34563,104182
/json,3309,127504,45964,179614
/json,926,53324,23367,78404
/json,3118,129768,53556,187675
/json,842,75915,31429,109129
/json,3312,130670,81566,216613
/json,1094,81972,26355,110919
/json,2819,131580,48709,184545
/json,1127,79239,43714,125471
/json,1605,82473,35575,121028
/json,775,78190,30590,110525
/json,1332,87156,48674,138381
/json,1888,98264,28319,129991
/json,4758,128106,62011,197422
/json,1413,259892,27094,289677
/json,1685,95894,43939,142919
/json,932,88409,29985,120250
/json,1180,89734,54203,146259
/json,1600,76313,32635,111725
/json,1630,90294,48971,142392
/json,1247,76121,46619,125317
/json,3728,127733,100822,235138
/json,1451,85959,31047,120212
/json,3015,132171,58979,195444
/json,1086,62233,37636,101929
/json,1047,111331,106325,219682
/json,1314,264138,23335,290176
/json,4180,127132,64102,197938
/json,1190,89906,47542,139925
/json,3865,132685,78472,217627
/json,1889,89432,32652,125221
/json,3323,128133,59172,193188
/json,1251,100427,30127,132979
/json,4958,183871,60505,253172
/json,821,54816,22515,78991
/json,4557,127447,57277,192033
/json,1327,66961,26614,95923
/json,1405,74275,79142,156019
/json,1366,72053,45430,119906
/json,4181,127580,75540,209694
/json,772,74679,28371,105244
/json,3403,133590,43619,181833
/json,1297,82966,49865,135433
/json,4128,132942,69121,208819
/json,1344,83464,34724,120865
/json,4677,154090,49096,210699
/json,1180,80431,29421,112233
/json,1371,140565,100906,243830
/json,1300,83246,109266,195056
/json,1406,76703,28633,107972
/json,1138,110519,28192,141156
/json,4469,139722,59457,206649
/json,1340,76528,33472,112785
/json,1226,101246,65263,169285
/json,961,74010,27198,103006
/json,4393,132334,65100,204838
/json,1170,87817,28448,118676
/json,1317,75659,44109,122333
/json,1173,76064,35418,113821
/json,4153,291911,47752,346581
/json,1066,78592,31131,112006
/json,1189,88198,40277,131260
/json,1358,67027,29594,99091
/json,2152,130171,100348,234803
/json,1104,68645,71463,142250
/json,1142,75374,42445,120032
/json,1331,70028,30892,103258
/json,4104,129693,225745,362363
/json,1134,83117,39555,125015
/json,3286,118685,42031,166309
/json,953,115986,29141,147038
/json,3766,131221,118015,255973
/json,1330,79730,42324,124909
/json,1299,87999,56391,147079
/json,903,47636,17858,67127
/json,4049,179442,32054,218266
/json,1400,108067,38120,149055
/json,1018,76259,42220,121005
/json,1092,77124,28815,108197
/json,3905,127749,59177,193528
/json,872,77088,28808,107903
/json,3518,130221,64480,201005
/json,1099,68760,25680,96645
/json,3776,132769,71720,210994
/json,1258,66835,37584,106688
/json,1068,122960,406764,532191
/json,790,53241,25021,79862
/json,1944,83320,33372,119945
/json,733,76084,27997,105773
/json,1405,86480,31688,120771
/json,1362,88239,45403,136177
/json,3800,129723,59341,195332
/json,953,64835,20825,87470
/json,3175,126970,62120,193534
/json,1221,104942,36307,143603
/json,2882,131409,97802,233352
/json,1249,70277,29892,102618
/json,1457,86643,36020,126033
/json,978,51120,20182,73074
/json,1602,136571,122409,263401
/json,1246,84727,38321,125700
/json,1455,80478,30740,114049
/json,1143,82352,26652,111588
/json,3933,135916,58818,201405
/json,1042,95884,30137,128403
/json,891,127812,126196,255836
/json,1225,81326,25926,109630
/json,3699,128975,74093,209661
/json,1194,68214,31213,101726
/json,4217,144149,69646,220719
/json,1036,73884,60868,137056
/json,3960,128538,59161,194780
/json,1089,101251,35652,139264
/json,4063,143687,68359,218959
/json,1117,75526,27589,105392
/json,1253,86892,53001,143083
/json,1007,86368,43848,132628
/json,1193,69229,28925,100433
/json,650,54161,19930,75419
/json,1085,80684,37742,120750
/json,1289,83188,27159,112727
/json,3219,130595,65930,200949
/json,1256,76558,27603,106470
/json,1173,85029,43689,131005
/json,1108,71836,33749,107764
/json,3902,128439,62825,198019
/json,847,71361,26966,100066
/json,3411,129811,55841,192031
/json,1149,90302,27997,121131
/json,1203,83664,48344,134410
/json,1137,84215,30342,116787
/json,5368,135834,78174,222147
/json,1256,266564,28667,298115
/json,1317,97775,134680,235079
/json,967,71835,34453,108263
/json,4205,133374,110026,250444
/json,1125,67710,24690,94495
/json,3932,129416,104120,240121
/json,1203,73737,27410,103577
/json,2814,132995,101606,238652
/json,1198,101431,35038,138773
/json,3688,130765,59902,197157
/json,967,72306,27100,101693
/json,4238,131080,64260,202504
/json,1299,83750,44630,130732
/json,1205,136411,126080,264747
/json,1022,65073,37249,104422
/json,3015,130956,111961,247198
/json,711,47562,23489,72487
/json,2181,118507,49343,172270
/json,1141,74344,31065,107612
/json,2134,79768,106357,189419
/json,1223,82579,31831,116790
/json,1345,71764,41784,116130
/json,1286,86986,36046,125402
/json,3326,129968,57872,192472
/json,907,58522,24000,84241
/json,1454,85068,37929,125878
/json,1039,101700,26531,130426
/json,3714,142298,50510,199244
/json,891,79485,25815,107234
/json,3437,131569,54478,190732
/json,1186,98729,26415,127792
/json,2576,129624,72319,206216
/json,1180,68141,23793,94103
/json,3977,134441,64147,205557
/json,1015,108743,25459,136757
/json,1417,68765,92041,163958
/json,1196,78143,27916,108343
/json,4022,131414,81232,219677
/json,1053,75254,35876,113224
/json,1404,90826,58385,152255
/json,1397,78181,32008,112882
/json,3960,153078,65417,225139
/json,1233,84265,36507,123304
/json,3793,135254,56525,198260
/json,1039,74363,32105,108533
/json,3798,148815,61709,217863
/json,1364,99765,212496,314694
/json,4226,134130,66254,207261
/json,1106,76351,26896,105477
/json,3751,126646,61525,194383
/json,1064,64717,21893,88582
/json,1439,98059,100485,201098
/json,1520,84397,24116,111113
/json,3867,151854,64372,223431
/json,1373,78725,29049,110326
/json,1446,76281,31424,110327
/json,1007,67484,28176,97638
/json,1755,72083,110043,185227
/json,1241,118831,37511,159057
/json,3539,134007,57430,197611
/json,725,352524,32510,386630
/json,1213,118387,98329,219724
/json,1371,85785,28483,116698
/json,1951,110578,47149,161720
/json,1175,91644,27543,121882
/json,3541,134331,45520,186214
/json,1034,67655,24869,94585
/json,4138,128336,76450,211608
/json,1590,81645,28692,113090
/json,1766,87896,44074,135237
/json,1166,82442,27830,112477
/json,4116,130418,60402,197763
/json,1123,75505,55091,132575
/json,4212,145830,89734,242985
/json,1190,148389,35195,186481
/json,3910,136099,71953,214925
/json,868,66482,40537,108833
/json,2234,75065,27716,106342
/json,684,50873,21687,74068
/json,3449,108588,147298,260693
/json,1913,89709,27556,120460
/json,1728,61442,27168,92019
/json,1274,103104,48284,153841
/json,1401,58600,92976,153961
/json,1114,71501,42143,115785
/json,3593,140285,81465,228926
/json,1172,80611,32238,115737
/json,1768,103837,45418,152536
/json,1541,88636,41904,133682
/json,1643,79489,119087,201662
/json,1624,87687,29229,120175
/json,1345,88774,40967,132423
/json,1057,97419,31706,131219
/json,3783,154373,53465,214565
/json,1583,92358,32211,127415
/json,1318,82015,41638,126054
/json,586,54028,22803,78751
/json,3422,126788,58243,190990
/json,1225,70221,24129,96708
/json,1822,78854,91735,173847
/json,1371,80146,28557,111220
/json,3120,127012,73648,205089
/json,1091,87898,25926,115932
/json,4436,132251,61085,200478
/json,1526,85259,143306,231264
/json,3443,138367,76756,221469
/json,1184,76422,34786,113261
/json,3967,215372,62967,285153
/json,1451,76381,33609,112557
/json,1462,105673,66579,175211
/json,1114,118733,378704,499293
/json,1393,73062,58930,134644
/json,1176,63617,189635,255323
/json,3063,151781,57489,213660
/json,1006,79018,54865,136147
/json,3950,137516,65266,209775
/json,1146,79608,42520,124691
/json,4158,135762,92603,235180
/json,1095,98237,30301,130791
/json,1734,92563,102098,198046
/json,1239,85550,35270,123432
/json,1640,83461,97547,183758
/json,753,77166,26874,105706
/json,1214,76970,37570,117211
/json,1121,85603,29625,117549
/json,1417,74504,31954,109149
/json,941,93800,30791,126794
/json,1645,74796,136601,214477
/json,1167,96530,33641,132397
/json,3879,136230,63059,205933
/json,1062,77796,46421,126205
/json,3954,133651,66074,206581
/json,1583,81233,34885,119098
/json,4109,146326,69443,223167
/json,1200,103639,25265,131350
/json,2069,94037,45114,143323
/json,1963,88704,41492,134027
/json,1282,114846,62104,179562
/json,1515,85684,26034,114376
/json,2017,91890,55006,150469
/json,1179,78135,32058,112495
/json,1372,94358,109935,206778
/json,1255,105937,25719,134187
/json,2733,129731,52898,186756
/json,1367,79176,30394,112602
/json,1622,75700,101529,180463
/json,1075,80442,33311,116190
/json,4220,133951,57453,198315
/json,1528,86299,31261,121048
/json,1247,83405,101669,187414
/json,1216,78198,38620,119207
/json,2887,130010,101856,236200
/json,839,72309,27556,101649
/json,4719,142908,106982,257295
/json,864,59758,17049,78465
/json,3640,127738,61469,195515
/json,1314,68766,24962,96180
/json,1191,67189,32018,101545
/json,1072,65819,27383,95236
/json,4115,159097,72677,238515
/json,1179,113056,28494,143776
/json,2118,100444,53944,158786
/json,1093,68272,173850,244396
/json,3876,140443,70225,217081
/json,1259,78603,30860,111812
/json,1546,99068,50739,153406
/json,1189,84837,27982,115196
/json,1401,94070,70552,168553
/json,1065,76018,26805,105028
/json,4334,130233,72674,209826
/json,955,398692,30451,431358
/json,3720,133634,52994,192985
/json,1188,145059,39394,186882
/json,3986,138009,57778,202626
/json,2034,105316,38383,148009
/json,1287,110396,98853,211617
/json,1514,95600,31432,129894
/json,3795,136268,80976,223908
/json,1081,59649,26442,88206
/json,2850,130363,68407,203049
/json,1055,96483,26432,125608
/json,3638,127170,58072,191754
/json,918,69438,30107,101459
/json,3837,129301,49881,185781
/json,587,40319,17155,58649
/json,3917,155833,98442,260938
/json,1203,73713,27008,103277
/json,3514,375817,34319,414929
/json,1369,73605,49524,125512
/json,1582,90667,48422,142670
/json,1329,84212,104799,191430
/json,1268,95419,60243,158171
/json,1302,82262,190726,275442
/json,3836,137340,61922,206090
/json,1195,69628,29526,101386
/json,1389,66671,68676,137930
/json,1239,89033,43181,135370
/json,1545,73758,90341,167755
/json,1237,86859,30050,119620
/json,1143,79784,36246,119122
/json,1047,80367,58070,140396
/json,4337,131206,83330,221722
/json,1192,79863,33884,116182
/json,2326,130131,113695,247489
/json,525,55770,24261,81332
/json,3432,149912,59833,214432
/json,1051,63891,29909,95805
/json,1447,67650,96602,167202
/json,1047,91748,40063,133750
/json,998,132150,110941,245152
/json,1055,75122,27980,105229
/json,3493,129835,45166,179798
/json,1057,90042,30416,122888
/json,3631,126008,62956,195560
/json,1150,87655,29929,119786
/json,1405,88661,55376,146529
/json,1164,72924,163907,239039
/json,3871,140274,61748,208447
/json,847,54716,24456,80942
/json,1137,89438,94776,186475
/json,1262,103962,40651,147046
/json,3837,129041,54474,189879
/json,1316,61574,30507,94471
/json,5255,95086,34904,138653
/json,1267,82152,37937,122392
/json,1049,122775,107433,232225
/json,1151,68584,47573,118356
/json,879,79180,33980,114983
/json,745,53324,20274,75108
/json,2247,96552,44502,145521
/json,1595,88566,48645,140088
/json,4124,144388,40875,192219
/json,1363,102063,351128,455810
/json,2884,158412,109562,272150
/json,1106,79652,25311,107153
/json,1669,74962,122561,200560
/json,1110,86084,24603,112817
/json,3985,133010,82458,222167
/json,1310,120256,36848,159609
/json,1288,83568,34793,121602
/json,1293,75044,31727,109279
/json,3821,131057,114136,251637
/json,1070,82155,26503,110977
/json,1054,85555,57205,144715
/json,521,53411,21296,75846
/json,1716,100730,43211,147822
/json,1355,68388,28104,98844
/json,1412,81004,44428,128846
/json,1190,77826,30611,110702
/json,2267,91503,45477,140765
/json,1310,71930,29950,104409
/json,1299,81558,34926,118896
/json,1331,71069,25962,99493
/json,1461,106648,107210,216350
/json,1168,81276,32766,116700
/json,4257,176214,185723,370410
/json,1184,274126,36079,312403
/json,772,131451,77824,210960
/json,923,74817,28596,105214
/json,1210,78732,33321,114518
/json,585,41423,16491,59172
/json,2114,86610,109419,199932
/json,1057,86437,27012,115687
/json,1193,90484,35773,128650
/json,1072,75501,26666,104470
/json,1269,79137,52512,134103
/json,1055,72050,27159,101465
/json,1393,103392,30981,137073
/json,1110,111896,26738,140916
/json,1272,83695,43431,129598
/json,1298,91680,30008,124486
/json,1446,70383,40341,113213
/json,1055,74484,32464,109260
/json,3365,130402,149143,284185
/json,1207,93164,32656,129188
/json,1214,93672,30563,127126
/json,1188,64007,32485,98622
/json,3004,130173,60217,194838
/json,1118,98359,27050,127770
/json,1163,82625,24978,110113
/json,1829,83033,30327,116437
/json,3882,127190,70607,203993
/json,1315,87396,48047,138033
/json,1435,88604,46688,138287
/json,1086,80490,32073,115157
/json,4078,131114,43350,181345
/json,1155,92752,33862,129248
/json,1062,79015,42234,123328
/json,780,53363,29008,84000
/json,927,57280,55827,115010
/json,798,63677,19717,85015
/json,942,83361,43618,128764
/json,659,48034,18405,67872
/json,4695,138554,107796,253862
/json,1297,89896,28377,120842
/json,3795,139941,147343,294355
/json,1083,76016,45498,123828
/json,1392,100617,55848,159640
/json,1567,84230,27051,114284
/json,1357,72285,71109,145859
/json,767,67529,43136,112281
/json,2347,132070,111197,247078
/json,1249,83462,24143,110092
/json,1869,211730,70381,286374
/json,1417,82064,227174,311735
/json,3833,140320,50385,197438
/json,1604,81748,32659,117385
/json,4001,130935,54596,190790
/json,1056,183168,23688,208862
/json,3380,131447,84222,220379
/json,1747,83921,54610,141518
/json,1751,79646,68745,151805
/json,1087,71783,27844,101727
/json,3762,138154,79616,224514
/json,1188,80338,30824,113579
/json,1677,106056,82455,192780
/json,738,59989,18721,80782
/json,1321,94158,44417,141349
/json,601,54766,17819,73808
/json,4535,143169,56951,207067
/json,999,62989,24523,89376
/json,3967,147325,57448,211183
/json,898,85267,32237,119772
/json,2805,87676,37802,130489
/json,655,47344,15868,64662
/json,3735,137545,62478,207492
/json,7213,83645,25978,118082
/json,1280,107453,76290,186087
/json,1025,60594,28522,91209
/json,4188,131969,122232,261056
/json,1057,77105,29894,109347
/json,3718,141674,116457,264876
/json,700,79418,32867,114023
/json,4147,164023,113444,284110
/json,1590,95083,29447,127667
/json,4620,134178,62627,204106
/json,1516,80445,29929,113128
/json,3999,135910,89933,233080
/json,922,68155,31250,101363
/json,3771,137044,62005,205309
/json,1056,73426,29753,105277
/json,866,56173,22799,80617
/json,1064,68477,35738,106914
/json,3750,155257,61209,222627
/json,699,45474,26914,73877
/json,2727,132516,98720,235538
/json,1172,169961,47209,219805
/json,4100,130966,63258,200982
/json,775,52258,19645,73433
/json,3521,126535,60756,192112
/json,1211,79253,44417,126078
/json,3771,130553,72604,210313
/json,1002,55138,30182,87247
/json,4076,136324,49638,193984
/json,916,71634,28984,102453
/json,3790,139349,77183,224364
/json,943,72758,24890,99676
/json,1310,87329,45055,135223
/json,998,374814,30943,407753
/json,1470,81807,36935,121429
/json,1213,81615,34174,118311
/json,1389,96071,47954,147321
/json,1408,79098,30131,112063
/json,1070,91623,42774,136666
/json,1075,69856,27448,99442
/json,2074,88138,59735,151476
/json,1102,80816,213163,296073
/json,4165,134713,112318,253840
/json,1182,73399,26927,102903
/json,3565,132081,71477,208392
/json,798,58389,22030,82124
/json,1234,121950,98094,222307
/json,1044,75399,27254,104493
/json,3196,127715,61265,193663
/json,1200,97209,28989,128618
/json,1473,74037,99388,176179
/json,1259,78014,29848,110681
/json,1092,107680,68803,178675
/json,1293,77024,26531,106072
/json,2591,134377,84437,222685
/json,1210,80656,37989,121002
/json,3109,128494,63560,196420
/json,994,90607,64686,157159
/json,5093,164258,69272,241928
/json,1310,85242,29405,117925
/json,1467,84132,46453,133448
/json,1249,102143,58972,163469
/json,1714,94034,48324,145587
/json,1791,76649,28198,107686
/json,1138,97580,41643,141508
/json,1155,65068,29578,96958
/json,4676,159538,63927,231149
/json,1281,93839,30543,127274
/json,3079,127200,134558,266052
/json,1151,86235,40258,129014
/json,1334,82743,38473,124309
/json,1073,115040,37739,155308
/json,3748,159461,61012,227242
/json,1561,80258,34636,118132
/json,1858,71479,98960,173802
/json,1240,116500,30177,149314
/json,3796,131274,87435,225201
/json,1006,406327,28959,437136
/json,2037,89866,40703,134107
/json,1410,88254,30561,121658
/json,2875,126474,102644,233324
/json,1029,104681,28942,135860
/json,1978,129263,108170,240699
/json,1338,64187,24093,90696
/json,3501,128612,75821,209194
/json,1886,66894,30274,99970
/json,4635,146738,53471,207714
/json,633,51869,14980,68446
/json,956,55348,42431,99511
/json,782,60151,29554,91205
/json,3692,129749,57264,192035
/json,817,76650,28722,107057
/json,1043,121162,120961,244171
/json,2862,104280,31277,140561
/json,3947,137301,107886,251737
/json,919,77207,33874,113101
/json,1176,87286,50214,139994
/json,1448,74899,29825,107045
/json,2926,132390,60413,197007
/json,1336,62890,23395,88518
/json,4080,130369,60162,197441
/json,1054,75806,435152,513039
/json,2871,162191,68853,235483
/json,1371,67395,25662,95536
/json,3298,130261,73753,208683
/json,959,65864,27357,95184
/json,1207,77578,44613,124481
/json,1119,79827,37918,120113
/json,1335,89236,39475,131449
/json,857,76665,27178,105637
/json,3173,108731,68979,183108
/json,1243,85324,53701,141746
/json,2017,94481,126866,225636
/json,1183,77811,29890,110281
/json,4020,131453,52668,190659
/json,1112,79594,42507,124412
/json,1364,77952,32776,113379
/json,1263,89916,46483,138702
/json,4076,139680,62108,208564
/json,1071,81110,30817,114142
/json,4299,141258,47662,195942
/json,533,44946,20001,66414
/json,2371,128729,108114,240966
/json,1283,93661,25917,122071
/json,4247,141075,67116,215506
/json,1362,91188,37436,131243
/json,1399,196014,47614,246259
/json,1112,74237,28662,105072
/json,1452,86166,46708,136188
/json,1203,73618,30831,106957
/json,3798,136351,62498,205108
/json,1179,101285,67053,170890
/json,2197,89434,54142,147069
/json,597,45542,13046,59914
/json,4114,222004,59915,289247
/json,1219,64647,28820,95780
/json,2513,129084,66090,199093
/json,1382,82854,66816,152437
/json,1307,112073,107768,222159
/json,1740,117688,36134,157349
/json,1732,135540,42954,182387
/json,950,52792,29217,83772
/json,3601,127851,46728,180591
/json,1148,83159,38640,123984
/json,4208,131569,79163,217394
/json,1202,80325,32140,115067
/json,1942,103135,106953,213270
/json,1228,85123,26356,113925
/json,3867,127694,57600,191677
/json,1246,82389,25462,110242
/json,3276,115084,61520,182715
/json,1558,76098,27888,106593
/json,1425,141367,104480,248261
/json,712,50371,31706,83573
/json,4024,134299,114261,255616
/json,661,40519,16306,58173
/json,2040,112455,111980,227791
/json,904,62497,30785,95730
/json,2368,127729,58455,189789
/json,1180,69082,30880,102255
/json,3148,176107,111003,291529
/json,1301,87902,33130,123533
/json,3791,128386,50483,185424
/json,1187,86023,27725,116282
/json,2758,151651,100802,256518
/json,999,58155,23704,83676
/json,1439,55843,48206,106775
/json,672,47639,38235,87254
/json,2801,137214,69296,210398
/json,1031,44576,25505,71970
/json,4110,142635,50071,199774
/json,1403,88031,39812,131099
/json,1536,80238,111749,194764
/json,1232,79487,30440,112654
/json,1471,172597,41616,217170
/json,1082,83529,42259,127973
/json,3716,141005,50242,197832
/json,791,80085,36239,117958
/json,3716,138622,48543,193387
/json,1454,91066,29232,123298
/json,1603,112269,55815,171113
/json,1285,139167,44844,186356
/json,4126,141497,130229,278628
/json,1264,90861,49812,143237
/json,1010,149051,104992,256306
/json,828,54959,23580,80051
/json,1784,119477,104886,227377
/json,1057,72789,30646,105532
/json,4137,178231,72407,256364
/json,1278,71786,24604,98825
/json,1524,86367,43613,132739
/json,1028,73728,27243,103101
/json,4134,128413,71072,206679
/json,1255,100763,32039,135214
/json,5156,127811,60749,196164
/json,2272,91776,25321,120538
/json,4069,130116,60227,197125
/json,1256,94593,43667,140705
/json,4283,129365,71536,207928
/json,1285,81971,25478,109937
/json,2040,86601,44461,134591
/json,1238,81595,37150,121054
/json,1011,73174,34624,110118
/json,1241,90629,27930,120883
/json,4416,139630,47706,194567
/json,1084,252631,40655,295427
/json,3814,137596,70115,214526
/json,1056,57166,22558,81661
/json,1658,92779,49030,145550
/json,793,73472,26058,101116
/json,1595,89706,53440,146699
/json,1318,81960,37748,122112
/json,4056,137073,41394,185201
/json,901,72028,28232,102161
/json,1841,69143,94775,167327
/json,1048,71966,30741,104896
/json,3716,130893,99242,235447
/json,1161,72243,41624,116191
/json,1097,117819,80103,199975
/json,1079,73835,29300,105244
/json,1235,103329,41352,147249
/json,949,64421,31495,98159
/json,4149,278018,41173,326176
/json,1153,90818,32308,125836
/json,3759,127006,57888,191388
/json,1199,78249,26663,107003
/json,2963,133504,112159,249946
/json,1095,78817,38403,119833
/json,1511,123091,50394,176957
/json,913,75668,29834,107556
/json,4187,133967,82391,223210
/json,1164,73716,48583,124636
/json,1419,114764,108054,225945
/json,1160,75611,39551,117524
/json,3908,141769,77217,225879
/json,869,63873,21594,87128
/json,891,56984,21101,79812
/json,1141,52397,30784,85059
/json,668,44230,19261,64863
/json,592,43502,15905,60563
/json,1436,53029,23404,78792
/json,767,45463,17268,64105
/json,2829,133943,105162,243366
/json,730,45998,33838,81501
/json,773,51202,19495,72169
/json,1430,67598,25355,95534
/json,654,38688,13577,53500
/json,595,33893,25350,60352
/json,1299,74590,32246,109304
/json,609,38026,16975,56670
/json,1211,160661,40093,203604
/json,1200,69624,55773,127579
/json,1712,98094,41088,143274
/json,1542,55136,27973,85823
/json,3582,125352,47198,177991
/json,1059,80078,28845,111199
/json,3983,144571,43050,194319
/json,1440,86435,42958,132231
/json,2929,128873,102290,235400
/json,1260,77027,32318,111764
/json,3987,133620,102578,243636
/json,1046,60906,55006,118067
/json,3293,100442,45804,151802
/json,1244,86999,31351,120904
/json,1143,73095,37930,113262
/json,1247,89857,32423,125236
/json,16883,253761,52193,325653
/json,1716,104455,38283,145888
/json,3035,109659,70184,184676
/json,1268,80704,27800,111029
/json,3890,127957,60676,195144
/json,1350,105516,41203,149966
/json,1447,82594,31519,116873
/json,997,59026,25466,86341
/json,2714,128791,68892,202110
/json,1148,60309,23343,85781
/json,3774,137382,90301,234454
/json,1004,70732,28216,100956
/json,1390,105581,98621,206957
/json,1139,82184,32730,117211
/json,2836,127593,40277,172029
/json,783,72833,29260,103771
/json,3953,129100,66765,202771
/json,920,72990,31738,106872
/json,2071,89010,39581,132450
/json,882,61404,21298,84420
/json,2906,107697,77808,190399
/json,1296,79429,35070,116944
/json,5047,134407,111864,254316
/json,1299,78824,193932,275215
/json,3469,139955,43050,189402
/json,1348,93443,93020,189659
/json,1319,72812,38328,113723
/json,1147,77423,51307,131649
/json,3528,128262,60628,195037
/json,1403,114584,27453,144619
/json,841,125475,45193,172493
/json,1202,75441,30946,108658
/json,3518,134011,57289,197461
/json,1418,70185,118629,192147
/json,3919,171017,51001,228483
/json,1171,71254,25357,99556
/json,4175,128495,67248,202886
/json,1151,86178,544884,633339
/json,1362,71045,49099,122647
/json,1224,79747,27738,110220
/json,3746,127308,57938,191649
/json,1085,88279,37518,127905
/json,1294,88181,42975,133572
/json,1365,80232,24791,107512
/json,1516,102718,144571,250029
/json,1299,90365,30104,123544
/json,3395,141110,60565,208008
/json,1213,94309,52053,148749
/json,4159,138967,98681,244761
/json,793,74031,45890,121815
/json,4331,167907,110607,285651
/json,1403,81653,29151,113396
/json,2249,130368,103130,237143
/json,1253,86243,51832,140633
/json,1410,77876,28253,108810
/json,1599,84562,26291,113563
/json,3123,128741,71191,204668
/json,966,70199,29069,101315
/json,3660,129250,100462,234453
/json,1380,135772,144310,282494
/json,2463,118862,51201,174858
/json,1090,79539,29023,110892
/json,3209,131369,86785,222681
/json,1100,53761,21974,77716
/json,1051,121300,98037,221468
/json,1465,90552,45815,139080
/json,3646,163485,76011,244398
/json,914,63937,25647,91405
/json,1082,139706,69593,211247
/json,1134,67392,27287,96850
/json,1192,88307,36789,127738
/json,1239,76250,51526,130224
/json,2988,134009,103176,241407
/json,861,57692,70569,129958
/json,3722,139042,81634,227126
/json,1084,73553,26816,102599
/json,1902,75181,50987,129651
/json,1312,84402,22088,108950
/json,3995,139930,60105,206751
/json,674,74832,46951,123992
/json,4057,183608,76974,267542
/json,1040,79087,26426,107556
/json,2824,129511,98910,232466
/json,947,60366,124074,186223
/json,3159,173622,57102,235098
/json,1095,68046,41776,111909
/json,4289,126418,65880,199308
/json,839,56999,87020,146160
/json,1893,72151,116938,192560
/json,1129,75119,28598,105916
/json,3533,128586,111898,245622
/json,1175,75690,26854,104798
/json,1196,95529,65125,162904
/json,1042,81031,32790,116485
/json,2574,132130,102023,238017
/json,1420,76968,35759,116112
/json,3844,222547,59614,288953
/json,887,49577,18229,69607
/json,1713,92743,49952,146620
/json,798,59028,19155,79769
/json,4094,185830,100311,293100
/json,1008,69533,26777,98284
/json,3866,131515,57715,196071
/json,1132,72299,24872,99314
/json,1103,61376,27843,91273
/json,1191,98680,26806,127855
/json,4063,128098,66801,202006
/json,966,70664,30944,103622
/json,1456,130400,50421,184522
/json,1340,87694,59135,149871
/json,3969,137012,40517,184412
/json,1072,76458,26293,104978
/json,1398,70849,58075,131502
/json,1505,79531,29606,112514
/json,4134,130352,62002,199280
/json,1064,71186,31455,104761
/json,1872,125875,46767,176943
/json,1037,79116,65751,147335
/json,3811,126980,56685,190340
/json,1110,84178,32809,119272
/json,1852,75669,99143,178282
/json,1642,87676,37844,128615
/json,1354,73243,41942,117582
/json,1299,77023,42369,121849
/json,3223,164194,66851,235885
/json,862,52479,21738,76049
/json,1711,81816,44308,129086
/json,709,41384,15920,58614
/json,1380,73163,52185,127870
/json,1127,46000,24630,72857
/json,709,61078,37620,100124
/json,1262,42805,15922,61016
/json,4177,129741,50218,186693
/json,1542,81459,45290,129501
/json,2784,133241,78074,215635
/json,1014,80280,26427,109316
/json,1414,124309,110455,237762
/json,1299,100250,28485,132038
/json,1468,90665,42275,136321
/json,1058,87195,65088,154440
/json,1333,102733,133844,239044
/json,1196,83218,30057,115620
/json,3694,127170,51922,183993
/json,1412,78056,41032,121777
/json,3197,102004,54453,160666
/json,1300,88116,25626,116142
/json,4220,136093,45409,188208
/json,983,84645,41552,128157
/json,3494,130283,102299,237512
/json,1171,73783,27421,103624
/json,2340,89975,42584,136434
/json,1555,69956,47083,120259
/json,3322,132667,115890,253284
/json,1311,86508,27940,117032
/json,3570,128372,59564,194183
/json,846,73893,106879,182602
/json,686,77258,88169,166785
/json,1186,105545,41062,149074
/json,2919,140502,77271,221919
/json,1167,68415,24607,95297
/json,1629,133224,47452,184167
/json,1399,89436,32650,125315
/json,1141,107115,101341,210604
/json,1075,73291,26308,101763
/json,3955,128978,58676,194174
/json,1169,96811,27582,126611
/json,1330,119861,105400,227663
/json,1272,73674,34349,110231
/json,2959,130524,98937,233925
/json,1138,80788,49887,133003
/json,3132,161457,58094,225382
/json,965,61844,21969,86279
/json,4322,182645,45201,234916
/json,877,64390,27210,93327
/json,1361,81700,40842,125222
/json,764,112774,35565,150353
/json,4100,256924,56894,320871
/json,1217,91428,32067,126497
/json,2767,129197,101161,234395
/json,1180,84852,26109,113240
/json,1002,131836,114416,248602
/json,1462,88056,32749,124348
/json,4647,125631,60081,193231
/json,1088,97671,28753,128551
/json,3626,130257,66048,202548
/json,1427,79213,36914,118741
/json,2744,132552,108984,245634
/json,1296,72002,29274,103549
/json,2926,129948,58114,192261
/json,1307,77864,52672,133085
/json,4018,132101,60530,199422
/json,751,93948,37939,133374
/json,1561,86661,43995,133659
/json,1760,134933,31249,170348
/json,3047,129719,63983,198033
/json,1177,71731,30268,104334
/json,1369,87897,41506,132269
/json,716,54718,23887,80412
/json,1939,97629,42450,143632
/json,1100,66520,25592,94342
/json,1691,71515,57389,132253
/json,855,45425,20533,67435
/json,1719,99626,46688,149676
/json,1094,39160,19862,60673
/json,2946,131587,102281,238241
/json,1481,82298,38673,123606
/json,3742,180048,114269,300822
/json,1207,70644,31213,104236
/json,3844,138605,42949,187768
/json,1288,77160,50453,130201
/json,1438,87130,41497,131284
/json,1222,73918,31096,107363
/json,1533,73907,66201,142930
/json,983,95857,30520,128853
/json,4140,140182,116609,264046
/json,1140,77049,26130,105581
/json,1950,74539,93355,171312
/json,841,46485,28582,76509
/json,4161,136964,43280,187384
/json,800,44706,19202,65355
/json,2843,159393,55546,219257
/json,2131,189632,32574,226036
/json,3775,127356,61723,195998
/json,814,72535,30929,105066
/json,1119,63769,34498,100510
/json,1230,104253,36805,143468
/json,3640,131581,63448,201079
/json,1134,83254,33074,118613
/json,1748,464607,43933,511706
/json,678,94354,28246,124538
/json,4697,138234,74562,220023
/json,979,75189,28138,105381
/json,2806,136046,120521,261035
/json,1835,78914,34234,116102
/json,1655,124502,99919,226942
/json,1558,81375,33038,117491
/json,2619,117912,51082,172795
/json,1287,86413,27399,116445
/json,3639,138555,47974,192980
/json,1182,80371,30745,113623
/json,3743,101398,74433,181865
/json,800,51785,21364,74740
/json,1360,91045,106920,200600
/json,1156,82960,49736,135256
/json,1564,86907,54823,144525
/json,1018,75757,28386,106357
/json,1237,83507,43458,129464
/json,1040,63763,30964,96733
/json,2628,128823,54940,187631
/json,1378,79257,33299,115097
/json,1794,107078,107313,217351
/json,1038,92247,43817,137954
/json,3782,130982,57790,195023
/json,953,77022,33777,112573
/json,3733,129721,64605,201115
/json,1246,96153,33462,132126
/json,4496,131062,71735,210022
/json,1109,78533,33884,114985
/json,3275,130093,101296,236410
/json,1236,104846,25463,133407
/json,3934,173031,113636,293623
/json,1516,88210,28826,119855
/json,4416,143515,66304,217014
/json,755,57870,103784,163204
/json,3747,127819,65355,200007
/json,1186,80460,47369,130190
/json,3127,150943,73037,228477
/json,1093,75603,28387,106297
/json,4255,135515,45366,187960
/json,1384,81441,26772,110720
/json,1553,86813,38950,128616
/json,688,73212,29081,103921
/json,1451,79298,56230,138124
/json,997,59856,26954,88653
/json,2960,128371,77039,209601
/json,594,57437,22782,81862
/json,1468,94119,57525,154552
/json,823,61249,19949,83111
/json,2691,128743,53249,185965
/json,904,58973,24483,85732
/json,2065,78200,69772,151659
/json,1218,112791,53140,168354
/json,3143,128743,50252,183599
/json,1365,70163,29911,102574
/json,2226,88838,41124,133650
/json,950,65643,37204,104787
/json,1241,84543,36573,123552
/json,763,69925,30229,101626
/json,1519,86255,40150,129107
/json,584,38069,16765,55970
/json,1029,63702,33103,98939
/json,1051,95687,44109,142016
/json,1426,75814,29719,108411
/json,1318,73450,30636,106416
/json,3610,159931,51169,215664
/json,1771,75610,34552,112982
/json,1223,84265,170120,256675
/json,981,67612,29158,98809
/json,1054,81079,37188,120323
/json,1024,79671,40125,121711
/json,863,128214,1170631,1301298
/json,1720,396620,33202,432625
/json,3632,131132,55565,192963
/json,1374,73465,55754,131792
/json,1540,110153,30363,143541
/json,942,62766,24110,88734
/json,1473,87310,40859,131009
/json,1154,85484,27729,115602
/json,1710,108152,29315,140487
/json,1182,82590,34778,119682
/json,3359,107102,45968,158652
/json,2447,112924,40255,157807
/json,1070,83890,48388,134664
/json,845,73074,53397,128432
/json,1431,94316,52394,149828
/json,1055,86018,27604,115823
/json,1414,1297535,39036,1339330
/json,2215,106795,70977,181820
/json,1301,130972,101049,234468
/json,1636,125955,35755,164603
/json,3703,132062,49005,187547
/json,1254,68636,27757,98656
/json,3943,132319,62168,201006
/json,849,223580,23012,248259
/json,1629,89751,44339,136873
/json,1063,58276,20201,80366
/json,3778,131539,55528,193750
/json,1529,78506,31032,112303
/json,736,128366,52522,182569
/json,853,48591,19057,69253
/json,3752,134825,54190,195321
/json,1508,65630,44696,112836
/json,2821,129529,60899,194651
/json,1399,66725,21329,90955
/json,2277,85991,33827,123847
/json,1209,84396,30337,117066
/json,4442,140477,110264,257971
/json,1030,58945,22344,83576
/json,4796,129044,79768,216914
/json,1433,869396,38519,910946
/json,1789,94674,86716,184484
/json,1322,65319,27822,95313
/json,1277,122069,115475,239873
/json,892,96282,29794,127929
/json,3861,132924,113093,251220
/json,1169,79080,28205,110209
/json,1225,93167,55003,150524
/json,1030,96435,395320,493984
/json,1358,122847,275436,400785
/json,1297,83447,33715,119579
/json,1066,83107,57738,143453
/json,1080,94618,39752,137177
/json,3846,127355,62392,196360
/json,989,79258,28484,109954
/json,4012,138890,86851,232540
/json,1075,72799,28655,103640
/json,3308,131287,125143,261132
/json,1138,82615,37986,123115
/json,1491,79591,32440,114718
/json,1064,75839,30076,108359
/json,1288,77465,36581,116579
/json,936,78303,27101,107291
/json,1258,84676,47028,134344
/json,1015,79480,43435,125008
/json,1533,98800,37531,139271
/json,967,60980,24347,87452
/json,1466,74720,71103,148390
/json,893,57384,24351,83484
/json,3863,145004,65499,217234
/json,794,71292,20461,93775
/json,3531,137297,36830,180961
/json,1165,64987,27088,94376
/json,2485,135209,139009,277953
/json,1183,81550,26757,110605
/json,1194,100824,56321,159505
/json,1393,81088,35514,119390
/json,1327,74875,62902,140462
/json,819,55258,28607,85422
/json,25055,133964,58265,219940
/json,915,73931,27815,103740
/json,1704,89429,40692,133181
/json,1427,81172,28485,112176
/json,4216,129296,56810,193220
/json,1039,65416,26948,94356
/json,1357,77158,42069,121898
/json,1855,119618,35473,158655
/json,1192,120694,65251,188101
/json,1321,88956,29593,121552
/json,3259,131176,74728,210461
/json,560,55614,24612,81390
/json,1590,104102,44681,151765
/json,2993,82384,33185,119709
/json,2770,130526,138854,273460
/json,993,1230561,41811,1274434
/json,4138,137555,67705,212643
/json,962,113025,33735,149046
/json,2968,137051,104025,245295
/json,1285,78602,28684,109768
/json,1043,118122,103248,223390
/json,1175,87678,129985,220445
/json,1226,77391,34177,113956
/json,1037,82054,43700,128109
/json,1378,90263,41990,134954
/json,1404,74193,28849,105512
/json,1083,191765,70801,264624
/json,1200,75795,31198,109235
/json,1641,75397,70466,149040
/json,1225,88192,27597,118115
/json,3746,143784,95360,245397
/json,878,73839,29149,104763
/json,3754,242830,38235,287446
/json,1222,72274,40431,114936
/json,3668,154103,70172,230401
/json,1325,85998,38590,127393
/json,1471,101439,51939,156867
/json,1164,75752,39838,117897
/json,1613,117350,46998,167412
/json,1241,92667,87728,182807
/json,1871,108712,39673,151736
/json,1213,64230,27012,93734
/json,2149,94198,63880,162456
/json,1130,98999,34818,136029
/json,3442,130830,53951,191070
/json,1923,93368,30061,127351
/json,4244,134464,65722,207026
/json,1275,77243,28979,108856
/json,3670,128031,125414,260103
/json,1194,105697,40444,148443
/json,4177,158715,126419,291959
/json,1919,105280,33013,142287
/json,3490,128587,79776,213130
/json,1264,73632,32094,108136
/json,3806,131083,71296,208853
/json,873,74738,35202,111666
/json,3170,132015,100862,237332
/json,1383,78160,49047,129749
/json,1368,75286,43824,122150
/json,1175,73783,31007,106851
/json,1116,109084,57083,168382
/json,1402,80850,31388,114862
/json,1466,74996,34318,111888
/json,1179,84439,28813,115690
/json,4228,137993,38138,182893
/json,1186,64112,32603,99085
/json,1547,100754,76868,182306
/json,1311,78161,31260,112034
/json,3736,139051,77673,223547
/json,1199,79215,31845,113403
/json,1999,86597,126426,216256
/json,1030,74165,29569,105830
/json,2641,128583,110089,242719
/json,1448,84192,27034,113642
/json,3923,173050,78922,258743
/json,1239,129276,28833,160608
/json,2052,81236,61261,146088
/json,1319,85276,44592,132935
/json,1153,80064,35887,118232
/json,915,62328,33451,97558
/json,4259,138639,80524,226992
/json,917,47950,16619,66305
/json,4301,142919,69090,218662
/json,1116,80247,32468,115036
/json,2568,129403,114053,247295
/json,997,68175,34747,105125
/json,3298,151223,67685,223503
/json,1289,86747,27261,116743
/json,1315,89688,35598,127887
/json,2078,75841,30669,110125
/json,5629,134653,214983,357795
/json,1122,89384,42452,134253
/json,1586,95453,43403,142016
/json,1806,86400,29239,118594
/json,1111,87706,37700,127632
/json,1387,121441,31881,155988
/json,1098,122119,135484,259936
/json,1378,110733,31281,145099
/json,2240,85516,44341,133146
/json,1182,126705,29413,158525
/json,1038,56294,79987,138205
/json,924,46136,19809,67605
/json,4337,141381,63865,212111
/json,554,54312,20586,76274
/json,2238,101917,93804,199329
/json,1647,79759,39496,122028
/json,3847,155515,57249,217921
/json,1292,92222,34469,129335
/json,1769,97783,50276,151717
/json,1227,78567,49411,130643
/json,3814,173231,72219,252195
/json,1303,90012,30956,123369
/json,3367,129306,104536,238453
/json,1139,536043,32847,571359
/json,4157,224539,65871,297272
/json,1198,71805,28271,102351
/json,4077,141301,41813,190469
/json,1120,78452,31515,112239
/json,3631,134905,241893,381760
/json,1202,73366,30375,106071
/json,3815,124728,69442,200644
/json,1099,82870,61703,147330
/json,3896,157736,101399,265945
/json,1258,93581,33033,129154
/json,3399,125627,61516,191684
/json,967,164474,76993,243406
/json,1280,68966,92717,164052
/json,1061,77939,47132,127368
/json,4325,128964,80681,216662
/json,1139,101916,31046,135180
/json,1198,113824,90913,207274
/json,1041,85890,24660,112653
/json,3908,161732,111005,279386
/json,1145,66676,27172,96059
/json,3768,127351,62086,195775
/json,1456,79020,32492,114118
/json,3441,127809,65258,197664
/json,1321,92039,57901,152774
/json,3742,127862,56577,190817
/json,1160,274110,37948,314418
/json,975,71185,31276,105140
/json,987,57585,21998,81430
/json,2847,132631,98807,235605
/json,1302,195571,53806,251867
/json,2987,102554,48184,156209
/json,829,79455,26882,108131
/json,3842,138065,85737,230254
/json,1185,64919,27403,94646
/json,4425,127442,77807,212494
/json,1143,91524,50558,144346
/json,1717,88361,97862,189461
/json,1185,86123,31571,120188
/json,2889,154742,62575,221485
/json,838,53984,20330,76004
/json,1614,81057,36055,119983
/json,1094,73369,25161,100641
/json,3320,128421,98841,231869
/json,1407,92637,109663,205167
/json,1363,71905,43985,118369
/json,1105,86737,25112,114014
/json,853,128407,102169,232404
/json,1560,112378,50103,165839
/json,3037,85742,50735,140574
/json,777,89317,28835,119855
/json,3984,165339,74044,245963
/json,1299,80406,40231,123133
/json,1305,83418,38802,124918
/json,1270,68112,27476,98079
/json,1630,78668,45113,126916
/json,1819,127279,31008,162096
/json,4060,171867,103163,281706
/json,1144,82668,48560,133531
/json,4131,134188,68680,209825
/json,1347,65872,24722,92912
/json,3320,129310,102044,236163
/json,1185,68573,25644,96453
/json,3633,130953,71730,209043
/json,1089,89203,32625,123976
/json,1413,104705,40497,147627
/json,1082,79067,28529,109846
/json,1695,82335,36271,121505
/json,660,49916,15895,67133
/json,1004,101735,97551,201351
/json,1018,63636,21114,86674
/json,770,59161,30604,91772
/json,1155,79940,23498,105722
/json,3638,128308,57686,190839
/json,1541,77671,29746,110119
/json,1436,79964,71271,153809
/json,1273,86210,30236,119003
/json,3898,255642,51911,314179
/json,1072,102105,33506,137951
/json,3624,148713,57122,210652
/json,1506,75660,35812,114033
/json,1139,103865,73633,179819
/json,1028,84229,46288,132767
/json,6321,129922,68639,208058
/json,1054,82022,26326,111201
/json,3547,134766,57171,197868
/json,1067,101252,29749,133246
/json,3834,134217,60281,200963
/json,1389,98327,27792,128667
/json,1718,269768,31509,304444
/json,1188,86864,35890,125004
/json,2920,124483,91911,221805
/json,1522,67111,23663,93540
/json,2109,87428,44223,135496
/json,1182,77001,29019,108265
/json,1481,84125,37302,124644
/json,1076,66316,21799,90307
/json,1348,87244,110106,201798
/json,1054,79549,33642,115167
/json,3103,130429,51417,186152
/json,848,81098,27610,110622
/json,1254,123906,102992,229351
/json,1713,83043,24095,110078
/json,1283,77425,29453,109395
/json,790,57925,21168,80975
/json,4731,131658,306706,445683
/json,1111,70130,29278,101454
/json,1545,85694,37388,125844
/json,714,58121,18951,78513
/json,4041,134187,78188,219584
/json,1639,64693,23783,91145
/json,1424,94503,57266,155084
/json,1160,80994,28158,111611
/json,4511,130418,65678,203121
/json,1055,78181,44851,125735
/json,1554,81674,31107,115770
/json,1310,83960,26283,112673
/json,4037,126915,57596,191562
/json,760,76684,29641,107854
/json,1445,89692,32743,125112
/json,974,66069,24796,93396
/json,3654,131241,38312,176007
/json,1371,77995,31349,112169
/json,1387,228790,39209,270594
/json,1109,147472,45416,195020
/json,4050,127938,57065,191542
/json,1306,85323,42026,130002
/json,1068,76936,27690,106805
/json,1293,64314,26218,93178
/json,1257,92568,99660,194621
/json,1490,99874,57876,161384
/json,3078,151229,44653,200235
/json,1180,62902,25045,89974
/json,1196,63813,51254,117329
/json,1625,81126,64730,148930
/json,1271,103970,45664,152121
/json,1488,74556,28139,105722
/json,3017,219244,63149,286494
/json,1523,77350,31571,111750
/json,1608,94083,43704,140663
/json,1125,74074,29431,106034
/json,2060,95937,55975,156180
/json,1132,388599,27287,418269
/json,1407,72122,57988,132690
/json,1078,83469,27908,113666
/json,1718,77518,44308,124635
/json,1064,78860,813164,894171
/json,2500,131078,70795,205876
/json,765,62167,20836,84850
/json,3365,126490,63270,195876
/json,1160,101616,28448,132611
/json,3541,127570,51958,184293
/json,1009,75984,30170,108223
/json,2897,130520,53692,188376
/json,1417,91300,123735,218534
/json,3589,138493,69285,214172
/json,1046,66827,30993,99898
/json,1636,87689,44957,136272
/json,1096,79078,28823,110100
/json,3196,107658,59533,171338
/json,1192,78047,32896,113290
/json,5136,226357,45639,279702
/json,1108,87061,40529,129870
/json,3115,127753,64854,197236
/json,696,56360,165420,223174
/json,1307,107646,64877,174865
/json,1217,70888,214910,287989
/json,1436,79003,37578,119684
/json,711,74701,22066,98368
/json,2943,130782,55147,190088
/json,1112,85416,30786,119110
/json,3059,154668,101880,261025
/json,913,60901,21320,84171
/json,3866,129968,65319,201999
/json,1314,89508,43647,135724
/json,3807,168452,73521,248693
/json,1058,85169,25119,112371
/json,3571,126209,58655,190920
/json,884,59913,28155,89933
/json,4439,161579,72754,241626
/json,1139,70574,37500,110219
/json,1045,146496,111787,260450
/json,1147,76535,37848,116728
/json,2562,128439,98207,230779
/json,1203,73799,27053,103114
/json,1487,75959,70693,149527
/json,1067,88161,42579,133162
/json,1501,103474,114568,220669
/json,984,79949,25880,107606
/json,3529,128266,56189,191053
/json,1260,404088,26304,432808
/json,2924,128622,99700,232813
/json,1039,74963,34083,111209
/json,3214,126982,71185,202753
/json,1349,72665,26940,101999
/json,1076,53360,40319,95421
/json,1317,82335,50283,135078
/json,915,50077,35764,87505
/json,899,53878,33801,89448
/json,1066,56937,51455,110393
/json,949,77410,27610,107515
/json,3895,224070,62899,293937
/json,1209,109128,33220,145168
/json,3447,125928,43653,176046
/json,1382,159732,29278,191677
/json,1009,135100,110010,247093
/json,1087,91549,30545,124289
/json,4370,135062,59576,201920
/json,823,53727,19795,75011
/json,4360,140710,69333,216986
/json,1118,85166,70762,158543
/json,3585,136516,61802,204507
/json,1238,71339,33573,107172
/json,1140,77907,41802,122590
/json,1213,81267,35768,119307
/json,1435,86839,35906,125389
/json,1455,87491,28493,118755
/json,2461,109731,104005,217769
/json,1301,73021,31058,106673
/json,2767,139034,43602,187001
/json,1072,66719,20165,89005
/json,3139,129558,65040,199162
/json,1266,81185,29386,113146
/json,3801,138208,59854,205069
/json,1107,76596,31226,110389
/json,780,94567,55647,151950
/json,996,77833,25704,105719
/json,3031,132016,97370,233818
/json,1074,84638,25604,112420
/json,1622,72238,104434,179589
/json,901,73593,31191,106567
/json,3324,152396,54747,211728
/json,1905,682934,29161,716351
/json,3840,158972,66060,231457
/json,1251,84504,41667,128681
/json,3708,133235,60036,199801
/json,1260,102981,30068,135897
/json,4258,130857,65587,203651
/json,1092,73340,27994,103599
/json,1747,91241,46797,141548
/json,908,249861,604741,856615
/json,2736,130195,63534,197904
/json,1584,85664,29581,118156
/json,3962,133694,59251,199571
/json,1169,79140,44741,126160
/json,1220,81558,36627,120755
/json,1145,64616,34934,101715
/json,1455,116834,107677,227149
/json,1124,98690,30483,131502
/json,1543,88601,43373,135024
/json,1230,77227,31734,111423
/json,4181,133027,80469,220383
/json,1110,72920,36486,111512
/json,3695,131978,63188,201695
/json,949,75659,29931,107664
/json,2922,130578,100021,234747
/json,2555,80870,31979,116584
/json,4060,133709,214110,354804
/json,1200,84279,42918,129721
/json,1169,98998,48113,149412
/json,1752,99633,26792,129499
/json,1354,110052,68292,196960
/json,1078,68470,25214,95899
/json,2170,109141,34294,147560
/json,871,95075,37711,135115
/json,886,128289,75610,205624
/json,1187,76378,32362,110979
/json,3775,123975,61086,191299
/json,1003,62371,29231,93486
/json,3757,128441,55886,191334
/json,1487,96352,45980,145056
/json,3824,157175,59279,222877
/json,1096,86758,36621,125577
/json,1151,112154,131246,245524
/json,908,76128,28984,107208
/json,2043,79749,106335,189244
/json,1464,87136,29623,119553
/json,1323,94008,69914,166422
/json,1128,89363,28066,120132
/json,2432,150215,101720,255753
/json,1224,75325,47466,125163
/json,520,100346,51410,152991
/json,1120,71170,28906,102427
/json,1406,88650,41341,133102
/json,1366,89263,37635,129644
/json,1221,85934,47973,136411
/json,1103,79807,57624,139936
/json,2470,130511,109410,243781
/json,1158,76003,33435,111759
/json,1362,86306,117096,205978
/json,1374,64332,24337,91124
/json,1705,84562,43185,130550
/json,2539,424083,50122,477817
/json,3510,129922,53156,189323
/json,844,76697,31561,109917
/json,3755,143715,81788,232279
/json,729,79754,115758,197001
/json,2028,77689,112234,193186
/json,1419,76739,31009,110507
/json,1170,92859,42271,137605
/json,1293,81624,29005,113098
/json,3518,147131,71682,225232
/json,1350,82532,31916,117624
/json,3224,132742,79767,217085
/json,2021,79228,315808,398800
/json,4083,129881,72348,208833
/json,1170,78513,27093,108094
/json,1205,95712,97473,195840
/json,1868,82643,64056,149939
/json,3850,143312,40180,190057
/json,1239,78137,34313,115396
/json,1832,89436,133863,226648
/json,1449,91020,36172,129446
/json,1630,121622,51270,176200
/json,1111,57602,22183,81865
/json,1842,94890,42589,141261
/json,1168,75506,29719,107557
/json,1868,90462,43972,137856
/json,1138,81110,51149,134607
/json,3748,130046,55015,191679
/json,1408,94587,30091,127333
/json,1207,75495,34466,112145
/json,930,75351,27331,104573
/json,3881,144921,71925,223472
/json,1496,93276,659926,756252
/json,4433,141495,75313,223926
/json,1614,79656,24698,107046
/json,3823,126577,58882,192252
/json,1668,89728,37186,129959
/json,1768,100382,73994,178452
/json,1087,82300,32999,117418
/json,1368,79781,37684,120467
/json,1062,73628,30110,106025
/json,3154,129426,108541,242866
/json,1248,76416,31954,110737
/json,4183,132106,60682,199643
/json,1689,106581,30044,139896
/json,1047,123787,56096,181843
/json,974,60266,20524,82653
/json,1959,117678,47048,168911
/json,1676,110531,40297,153941
/json,2610,131285,70396,205652
/json,1241,73046,201715,277089
/json,1360,68775,53452,124713
/json,692,70186,33606,106073
/json,3208,129805,86275,220658
/json,1177,97901,29400,129815
/json,3298,167060,107663,279231
/json,1170,136253,31999,170741
/json,1154,83030,38556,123830
/json,1180,76060,30864,109595
/json,3423,126744,57012,189648
/json,1071,74255,50392,126914
/json,3210,134133,102109,240672
/json,780,76637,35353,113739
/json,3898,135952,73110,217593
/json,1096,99392,47025,148556
/json,2026,97291,64562,165250
/json,1487,79686,31084,113279
/json,3252,131521,66872,202998
/json,1180,82671,186348,271445
/json,3734,128894,59621,193577
/json,1132,79591,30515,112473
/json,1087,114390,106581,223065
/json,1050,105021,33828,141544
/json,3951,139862,104860,251571
/json,1471,91251,41182,135355
/json,1415,80318,39963,123097
/json,1057,84640,25896,112797
/json,1754,89949,42201,135270
/json,725,62154,19721,83731
/json,2773,130298,70301,205111
/json,1185,82197,33342,118013
/json,3672,145191,70104,221598
/json,966,59727,21669,83210
/json,2911,127628,109064,240925
/json,988,74029,26711,102624
/json,1125,81201,37444,120832
/json,1121,81226,31069,114586
/json,3966,128211,58954,194029
/json,860,74810,28292,104853
/json,3694,101547,41072,148253
/json,1210,73689,43094,119056
/json,2945,130401,104996,239578
/json,1035,86822,28099,116980
/json,1652,81890,32100,117147
/json,1128,89444,27319,119040
/json,3735,130629,70128,207171
/json,1124,80470,24282,107170
/json,1602,96813,42523,142194
/json,1325,70987,27311,100662
/json,1298,108466,96392,207308
/json,1222,75809,30509,108579
/json,1102,115441,246441,364023
/json,1091,99511,26997,128782
/json,1093,76010,36381,114474
/json,1269,83755,28368,114538
/json,1617,97003,51682,152379
/json,835,80635,27675,110028
/json,1163,82571,69735,154640
/json,1339,81339,36331,120218
/json,1374,85240,61410,149122
/json,972,60322,27108,89842
/json,1544,86179,40288,129199
/json,1324,79679,63148,145040
/json,3515,161236,50412,218340
/json,953,73808,31142,106718
/json,4103,136383,79229,222543
/json,1107,72588,28063,102855
/json,1195,113985,83180,199337
/json,892,70450,54136,126967
/json,1098,92855,54675,149609
/json,1350,168404,39902,210868
/json,1097,292958,33722,328726
/json,826,59907,21793,83385
/json,3847,126994,53217,186758
/json,1404,91032,521598,615743
/json,3987,132622,103406,243368
/json,1278,88171,28853,119743
/json,3100,127419,86358,218469
/json,1350,79915,32168,115010
/json,3424,133968,50085,189877
/json,1018,74707,51121,127923
/json,2949,128863,59771,192865
/json,1139,69808,28809,100783
/json,1198,97843,52818,153657
/json,792,48935,24910,75464
/json,4264,133605,63237,203677
/json,1122,81380,25854,109523
/json,3784,143154,104533,254403
/json,1308,65677,21062,88949
/json,3093,129193,51637,185194
/json,1008,73447,27238,102693
/json,3942,164444,170341,341453
/json,902,71497,28007,101234
/json,4045,129574,63220,199765
/json,984,69206,30670,101728
/json,1232,70778,42647,116011
/json,1410,77769,29342,110296
/json,1286,71548,71598,145632
/json,1150,92663,52862,147705
/json,1344,88839,38422,129927
/json,1558,72563,34310,109266
/json,4446,126344,64403,197786
/json,1025,81526,26063,109935
/json,3982,140863,137341,284817
/json,1065,68732,26136,96912
/json,1388,91174,42657,136356
/json,1180,79536,32933,114788
/json,1510,73312,248174,324310
/json,1210,82871,24970,110083
/json,1536,79459,106181,188279
/json,1150,76004,44219,122751
/json,2696,132814,108347,245109
/json,1389,79338,38475,120482
/json,1380,116190,50290,169662
/json,1587,71394,27106,101199
/json,4111,130120,76187,213074
/json,1026,72674,27296,102470
/json,1471,94177,52730,149631
/json,974,67449,23349,92773
/json,2423,130589,61221,196196
/json,1316,79235,35326,117070
/json,1375,101692,57472,161780
/json,1131,92692,34428,129479
/json,2616,131462,54842,190233
/json,933,58248,23520,83594
/json,1526,77651,34969,115271
/json,1075,85950,26403,114661
/json,3334,132364,81979,218870
/json,1384,181399,34244,218440
/json,3634,128558,61530,196673
/json,1138,104390,47362,155110
/json,3895,136748,108858,252195
/json,853,59206,19128,80128
/json,4066,131074,110320,248152
/json,1509,89213,59396,151968
/json,2145,99308,49015,152418
/json,1326,72489,31527,106868
/json,1608,88668,44819,136871
/json,1261,82779,517332,602568
/json,4750,151362,69895,228609
/json,1415,85949,33536,122134
/json,709035,106964,97511,917286
/json,1137,84258,25668,112135
/json,1155,72430,34593,109226
/json,1153,87756,28606,118613
/json,2377,128601,60402,192788
/json,1480,79185,21172,103054
/json,3965,170816,63706,241116
/json,804,58649,22927,83180
/json,4043,169825,44037,220361
/json,1115,89125,35808,127276
/json,2903,131832,60438,196445
/json,1343,75849,29792,108842
/json,3506,129788,60967,197063
/json,1185,78742,28255,109322
/json,2826,127631,48808,180548
/json,1152,79968,33341,115590
/json,1890,85449,43518,131880
/json,697,78828,29292,109711
/json,1332,96872,115155,214706
/json,760,57496,20183,79201
/json,3981,132989,57284,196852
/json,1206,104574,33377,140335
/json,1180,69379,26858,98613
/json,1044,75934,40432,118366
/json,4130,137600,91284,235794
/json,1348,121288,27813,151579
/json,3456,136091,149454,291936
/json,1515,79487,50502,132634
/json,2158,87180,33260,124609
/json,1588,81347,24468,108723
/json,4014,128152,68168,202821
/json,1052,78240,69090,149328
/json,1512,82632,42444,127868
/json,1055,84797,51433,138486
/json,1149,104388,98409,204953
/json,969,74948,26638,103619
/json,3678,129312,78548,214126
/json,1188,96473,49194,147925
/json,1349,97752,100476,200669
/json,1361,91244,27477,121758
/json,1023,118436,53454,174158
/json,1112,98792,32128,133133
/json,3691,130565,73271,210332
/json,1048,88409,26961,117529
/json,1285,78738,36884,118053
/json,1176,83721,28441,114776
/json,1226,74930,41120,118684
/json,1309,86816,34145,123889
/json,1313,75886,50676,129102
/json,1341,99059,36331,138463
/json,4679,139341,89309,236148
/json,989,64736,34000,100819
/json,3810,159386,55471,221479
/json,1359,86967,27670,117272
/json,3787,127183,60872,195654
/json,1122,73744,30105,106010
/json,2618,163350,105265,272749
/json,834,60658,21412,83869
/json,2936,132149,65401,201762
/json,18520,81650,54366,155850
/json,1213,111193,42789,156733
/json,1405,75472,32024,109940
/json,1297,83637,42849,129391
/json,1376,119625,32529,154927
/json,1144,110015,119895,232120
/json,928,49591,19918,71250
/json,809,47399,29928,78905
/json,700,52501,35574,89647
/json,1036,49495,30029,81408
/json,629,40551,20521,62252
/json,3849,126648,60090,193704
/json,1201,83140,32651,118043
/json,3932,133945,59630,200525
/json,837,80377,36582,118857
/json,2686,130196,165329,299646
/json,910,56416,22116,80321
/json,3117,130619,106516,241919
/json,1254,87712,38785,129382
/json,3754,133350,59198,198930
/json,1155,79602,25432,107421
/json,3892,159554,61966,227921
/json,1072,99875,31885,134017
/json,1716,69597,82632,155152
/json,1266,118288,46464,167123
/json,3301,175439,78527,258532
/json,1552,85927,27862,116486
/json,1977,122393,60700,186816
/json,1188,71530,27855,101704
/json,3468,130059,126684,262035
/json,1323,96687,28754,128323
/json,4255,131474,57471,196325
/json,1117,84421,24702,111329
/json,1544,124280,108025,234837
/json,1113,78816,29392,110432
/json,1954,74167,66197,143615
/json,1624,82303,27815,112753
/json,3878,125433,62237,194036
/json,1124,80856,39185,122351
/json,3969,128010,64139,198631
/json,1109,83493,26772,112455
/json,3030,129318,57123,190743
/json,1121,81298,31971,115719
/json,4134,141803,191521,340459
/json,1376,107741,26448,136781
/json,3501,136809,115258,256710
/json,1235,65824,23954,92247
/json,2091,94611,45528,144283
/json,2755,130113,41986,176358
/json,2562,102918,48943,155412
/json,1534,93283,36807,133152
/json,3054,132606,83019,220041
/json,1159,74829,31077,107958
/json,1520,87467,34796,124999
/json,666,52168,20607,74264
/json,2849,131012,122065,257320
/json,637,39779,18260,59311
/json,3869,137926,56325,200951
/json,933,64423,25340,92663
/json,3442,125753,57848,189592
/json,1207,71351,30629,104370
/json,1818,97062,47780,149942
/json,1155,69796,48078,120018
/json,3438,400694,39669,445042
/json,1358,84195,29380,116124
/json,4233,131346,73991,212220
/json,1132,84340,29358,116028
/json,1447,101660,290940,395918
/file1m,3249,140415,2146610,2293613
/file1m,1995,80345,1482140,1566192
/file1m,2902,132137,2054262,2192296
/file1m,3822,121658,1782674,1911277
/file1m,3444,137482,2230353,2374002
/file1m,1718,91365,1463417,1558910
/file1m,3228,93367,1190893,1289634
/file1m,3181,96915,1893749,1996071
/file1m,1811,89580,1483454,1577457
/file1m,2384,92562,1507007,1604559
/file1m,2886,99268,1644231,1749015
/file1m,3164,97095,1392194,1494680
/file1m,2849,86409,1390231,1481839
/file1m,3127,85519,1390211,1481217
/file1m,1779,106573,1448891,1559643
/file1m,3120,87239,1293247,1385854
/file1m,4057,131606,2175182,2313796
/file1m,1532,72645,1979032,2054615
/file1m,2454,123045,1800918,1928872
/file1m,3809,126409,2167760,2300699
/file1m,3980,138991,2194480,2340624
/file1m,3158,113038,1811336,1930059
/file1m,2708,82815,1305501,1394099
/file1m,2855,82915,1307394,1395222
/file1m,3341,108884,1577160,1691947
/file1m,2350,96660,1652221,1752270
/file1m,3130,83743,1274296,1363260
/file1m,2704,83561,1450920,1539398
/file1m,1991,89578,1422400,1515813
/file1m,2615,84405,1280949,1370568
/file1m,3717,96649,1957703,2060743
/file1m,3412,130276,2158369,2294824
/file1m,3714,165139,2157724,2330295
/file1m,3174,96880,1834557,1936944
/file1m,2813,102454,1526314,1632640
/file1m,2616,84734,1253361,1342758
/file1m,4051,133663,2102082,2242858
/file1m,8072,125329,1618523,1754680
/file1m,3927,85367,1352582,1444190
/file1m,2902,82798,1167724,1255640
/file1m,2917,93627,1365440,1465243
/file1m,2844,84770,1287036,1376738
/file1m,1964,75829,1500033,1579665
/file1m,3716,123321,2121687,2251777
/file1m,3901,125977,2136303,2269077
/file1m,1581,71268,1011831,1086442
/file1m,2791,85228,1329178,1419804
/file1m,2380,88059,1108143,1201065
/file1m,3064,83321,1404285,1492888
/file1m,2999,85091,1249867,1339970
/file1m,3938,154827,2305753,2467615
/file1m,3706,135420,2141387,2283482
/file1m,2959,83009,1237218,1325368
/file1m,2697,85382,1363343,1453440
/file1m,3139,97704,1355479,1458832
/file1m,2830,103039,1679713,1788130
/file1m,3926,128168,2050072,2185255
/file1m,8501,130330,2365152,2506955
/file1m,2805,82842,1266769,1354910
/file1m,1525,81813,1324938,1410108
